dataset_id,node_count,target_node_count,panel_count,matrix_comparison_count,mode,layout,run_index,data_import_ms,tree_build_ms,initial_render_ms,filter_update_ms,filter_kind,collapse_update_ms,comparison_compute_ms,comparison_matrix_ms,memory_mb,browser,os_family,cpu_cores,ram_gb_approx,viewport_width,viewport_height
nodes_00500,500,500,1,,single,radial,1,8.6,4,24.9,9.7,taxon_include,8,,,4.938,147.0.7727.101,Windows,20,32,1600,1200
nodes_00500,500,500,1,,single,radial,2,8.9,3.6,33.8,21.4,taxon_include,8.5,,,4.937,147.0.7727.101,Windows,20,32,1600,1200
nodes_00500,500,500,1,,single,radial,3,7.4,3.1,24.5,8.7,taxon_include,8.1,,,4.938,147.0.7727.101,Windows,20,32,1600,1200
nodes_00500,500,500,1,,single,radial,4,8.8,3.8,24.8,10.4,taxon_include,13,,,4.937,147.0.7727.101,Windows,20,32,1600,1200
nodes_00500,500,500,1,,single,radial,5,8.1,3.3,25.1,8,taxon_include,16.8,,,4.937,147.0.7727.101,Windows,20,32,1600,1200
nodes_00500,500,500,4,,single,radial,1,7.3,3.1,71.8,20.8,taxon_include,21.8,,,5.966,147.0.7727.101,Windows,20,32,1600,1200
nodes_00500,500,500,4,,single,radial,2,8.5,2.8,77.6,26.2,taxon_include,16.4,,,6.969,147.0.7727.101,Windows,20,32,1600,1200
nodes_00500,500,500,4,,single,radial,3,15.8,5.6,71.5,21.9,taxon_include,9.8,,,5.966,147.0.7727.101,Windows,20,32,1600,1200
nodes_00500,500,500,4,,single,radial,4,7.4,3.2,71.6,21,taxon_include,11.1,,,6.299,147.0.7727.101,Windows,20,32,1600,1200
nodes_00500,500,500,4,,single,radial,5,7.9,3.3,98.5,21.5,taxon_include,9.6,,,6.299,147.0.7727.101,Windows,20,32,1600,1200
nodes_00500,500,500,9,,single,radial,1,9,4.9,160.4,43.6,taxon_include,17.2,,,8.112,147.0.7727.101,Windows,20,32,1600,1200
nodes_00500,500,500,9,,single,radial,2,7.3,2.9,149.8,43.6,taxon_include,17.3,,,8.112,147.0.7727.101,Windows,20,32,1600,1200
nodes_00500,500,500,9,,single,radial,3,7.7,3.4,185.5,41,taxon_include,19.9,,,8.113,147.0.7727.101,Windows,20,32,1600,1200
nodes_00500,500,500,9,,single,radial,4,7.5,2.9,149.1,38.9,taxon_include,18.4,,,7.778,147.0.7727.101,Windows,20,32,1600,1200
nodes_00500,500,500,9,,single,radial,5,7,2.8,162.5,40,taxon_include,15.2,,,7.778,147.0.7727.101,Windows,20,32,1600,1200
nodes_00500,500,500,1,,group,radial,1,8,3.6,28.1,9.6,taxon_include,7.7,,,6.032,147.0.7727.101,Windows,20,32,1600,1200
nodes_00500,500,500,1,,group,radial,2,7.3,3.3,24,9.9,taxon_include,9.8,,,6.032,147.0.7727.101,Windows,20,32,1600,1200
nodes_00500,500,500,1,,group,radial,3,8.6,4,26.3,10.1,taxon_include,13.3,,,6.031,147.0.7727.101,Windows,20,32,1600,1200
nodes_00500,500,500,1,,group,radial,4,7.5,3.4,23.6,9.6,taxon_include,12.1,,,6.032,147.0.7727.101,Windows,20,32,1600,1200
nodes_00500,500,500,1,,group,radial,5,9.6,3.6,26.5,8.9,taxon_include,8.7,,,6.032,147.0.7727.101,Windows,20,32,1600,1200
nodes_00500,500,500,4,,group,radial,1,13.6,4.6,69.8,22.7,taxon_include,10.4,,,7.079,147.0.7727.101,Windows,20,32,1600,1200
nodes_00500,500,500,4,,group,radial,2,7.2,3.2,72.6,25.2,taxon_include,24.5,,,7.078,147.0.7727.101,Windows,20,32,1600,1200
nodes_00500,500,500,4,,group,radial,3,6.9,2.8,71.2,23.2,taxon_include,19.6,,,7.079,147.0.7727.101,Windows,20,32,1600,1200
nodes_00500,500,500,4,,group,radial,4,7.3,3,78,22.1,taxon_include,11.6,,,7.078,147.0.7727.101,Windows,20,32,1600,1200
nodes_00500,500,500,4,,group,radial,5,7.5,3.1,73.1,22.3,taxon_include,10.8,,,7.079,147.0.7727.101,Windows,20,32,1600,1200
nodes_00500,500,500,9,,group,radial,1,7.1,2.8,155.9,47.6,taxon_include,17.2,,,8.952,147.0.7727.101,Windows,20,32,1600,1200
nodes_00500,500,500,9,,group,radial,2,7.2,3,154.3,43.8,taxon_include,17.9,,,8.957,147.0.7727.101,Windows,20,32,1600,1200
nodes_00500,500,500,9,,group,radial,3,7.5,3.2,153.2,42.8,taxon_include,18.9,,,8.957,147.0.7727.101,Windows,20,32,1600,1200
nodes_00500,500,500,9,,group,radial,4,7.5,3.2,181.5,54.6,taxon_include,20.3,,,8.952,147.0.7727.101,Windows,20,32,1600,1200
nodes_00500,500,500,9,,group,radial,5,7.3,2.9,162.1,45.3,taxon_include,21.8,,,8.956,147.0.7727.101,Windows,20,32,1600,1200
nodes_00500,500,500,1,,comparison,radial,1,12.6,5.2,142.7,25.3,significance_toggle,12.4,6.9,,6.356,147.0.7727.101,Windows,20,32,1600,1200
nodes_00500,500,500,1,,comparison,radial,2,7.3,3.2,149.4,7.6,significance_toggle,8.7,6,,6.356,147.0.7727.101,Windows,20,32,1600,1200
nodes_00500,500,500,1,,comparison,radial,3,8.9,3.9,165.4,10.2,significance_toggle,8.9,7.9,,6.356,147.0.7727.101,Windows,20,32,1600,1200
nodes_00500,500,500,1,,comparison,radial,4,9.5,4.1,162.9,6.9,significance_toggle,8.5,12.2,,6.358,147.0.7727.101,Windows,20,32,1600,1200
nodes_00500,500,500,1,,comparison,radial,5,9.4,4.4,152.7,10.5,significance_toggle,8.1,9.3,,6.356,147.0.7727.101,Windows,20,32,1600,1200
nodes_00500,500,500,4,1,matrix,radial,1,7.7,3.3,246.2,136.5,significance_toggle,,6.3,132.5,6.089,147.0.7727.101,Windows,20,32,1600,1200
nodes_00500,500,500,4,1,matrix,radial,2,7.8,3.4,267.1,135.6,significance_toggle,,11.5,149.9,6.087,147.0.7727.101,Windows,20,32,1600,1200
nodes_00500,500,500,4,1,matrix,radial,3,7.8,3.2,249.6,135.1,significance_toggle,,10.1,135.8,6.087,147.0.7727.101,Windows,20,32,1600,1200
nodes_00500,500,500,4,1,matrix,radial,4,8.2,3.1,237.9,138,significance_toggle,,5.5,128,6.089,147.0.7727.101,Windows,20,32,1600,1200
nodes_00500,500,500,4,1,matrix,radial,5,10.3,4.4,234.8,137.7,significance_toggle,,6.5,124.2,6.087,147.0.7727.101,Windows,20,32,1600,1200
nodes_00500,500,500,9,3,matrix,radial,1,7.4,3.2,1359.7,1247.3,significance_toggle,,19.7,1233.7,6.636,147.0.7727.101,Windows,20,32,1600,1200
nodes_00500,500,500,9,3,matrix,radial,2,10,4.6,1355.9,1236.7,significance_toggle,,15.1,1235.9,6.637,147.0.7727.101,Windows,20,32,1600,1200
nodes_00500,500,500,9,3,matrix,radial,3,7.7,3.5,1362.2,1246.9,significance_toggle,,11.9,1247.2,6.634,147.0.7727.101,Windows,20,32,1600,1200
nodes_00500,500,500,9,3,matrix,radial,4,9,3.9,1349.8,1228.3,significance_toggle,,15.8,1229.9,6.637,147.0.7727.101,Windows,20,32,1600,1200
nodes_00500,500,500,9,3,matrix,radial,5,7.9,3.3,1343.3,1244.4,significance_toggle,,11.2,1226.6,6.636,147.0.7727.101,Windows,20,32,1600,1200
nodes_00500,500,500,1,,single,dendrogram,1,8.2,3.4,21.1,9,taxon_include,8,,,5.258,147.0.7727.101,Windows,20,32,1600,1200
nodes_00500,500,500,1,,single,dendrogram,2,12.7,5.4,20.7,11.9,taxon_include,13.6,,,4.973,147.0.7727.101,Windows,20,32,1600,1200
nodes_00500,500,500,1,,single,dendrogram,3,7.3,3.2,20.7,14.7,taxon_include,8.3,,,4.974,147.0.7727.101,Windows,20,32,1600,1200
nodes_00500,500,500,1,,single,dendrogram,4,7.3,3.2,26.8,9.3,taxon_include,8,,,4.974,147.0.7727.101,Windows,20,32,1600,1200
nodes_00500,500,500,1,,single,dendrogram,5,7.3,2.8,20.5,8.1,taxon_include,9.3,,,4.974,147.0.7727.101,Windows,20,32,1600,1200
nodes_00500,500,500,4,,single,dendrogram,1,7.3,3,63.8,21.1,taxon_include,13.9,,,7.079,147.0.7727.101,Windows,20,32,1600,1200
nodes_00500,500,500,4,,single,dendrogram,2,7.6,3.3,62.4,31.1,taxon_include,22.5,,,7.08,147.0.7727.101,Windows,20,32,1600,1200
nodes_00500,500,500,4,,single,dendrogram,3,11.9,4.9,62.4,20.1,taxon_include,11.5,,,7.079,147.0.7727.101,Windows,20,32,1600,1200
nodes_00500,500,500,4,,single,dendrogram,4,6.9,2.9,76.7,20,taxon_include,11.3,,,7.079,147.0.7727.101,Windows,20,32,1600,1200
nodes_00500,500,500,4,,single,dendrogram,5,7.3,3,62.6,20.5,taxon_include,15.4,,,7.077,147.0.7727.101,Windows,20,32,1600,1200
nodes_00500,500,500,9,,single,dendrogram,1,7.2,3,125.2,41,taxon_include,20.1,,,8.329,147.0.7727.101,Windows,20,32,1600,1200
nodes_00500,500,500,9,,single,dendrogram,2,9.9,3.7,125.1,42.8,taxon_include,21.3,,,7.989,147.0.7727.101,Windows,20,32,1600,1200
nodes_00500,500,500,9,,single,dendrogram,3,8.2,3.6,136.3,40.9,taxon_include,16.7,,,7.989,147.0.7727.101,Windows,20,32,1600,1200
nodes_00500,500,500,9,,single,dendrogram,4,11.9,4.2,128.1,38.5,taxon_include,16.5,,,7.99,147.0.7727.101,Windows,20,32,1600,1200
nodes_00500,500,500,9,,single,dendrogram,5,7.9,3.2,136.1,36.3,taxon_include,15,,,8.33,147.0.7727.101,Windows,20,32,1600,1200
nodes_00500,500,500,1,,group,dendrogram,1,7.2,3,22.4,11.4,taxon_include,9.3,,,6.078,147.0.7727.101,Windows,20,32,1600,1200
nodes_00500,500,500,1,,group,dendrogram,2,7.3,3.2,21.5,9,taxon_include,8,,,6.08,147.0.7727.101,Windows,20,32,1600,1200
nodes_00500,500,500,1,,group,dendrogram,3,7.2,3.2,19.9,16,taxon_include,20.2,,,6.079,147.0.7727.101,Windows,20,32,1600,1200
nodes_00500,500,500,1,,group,dendrogram,4,9.7,4.1,22.2,11.9,taxon_include,8.1,,,6.079,147.0.7727.101,Windows,20,32,1600,1200
nodes_00500,500,500,1,,group,dendrogram,5,7.6,3.3,23.2,10.3,taxon_include,7.9,,,6.079,147.0.7727.101,Windows,20,32,1600,1200
nodes_00500,500,500,4,,group,dendrogram,1,7.3,3.1,60.5,20.4,taxon_include,11.2,,,7.193,147.0.7727.101,Windows,20,32,1600,1200
nodes_00500,500,500,4,,group,dendrogram,2,7.3,2.9,66.2,23.5,taxon_include,14.4,,,7.195,147.0.7727.101,Windows,20,32,1600,1200
nodes_00500,500,500,4,,group,dendrogram,3,7.6,3,61.8,21.2,taxon_include,11.8,,,7.193,147.0.7727.101,Windows,20,32,1600,1200
nodes_00500,500,500,4,,group,dendrogram,4,7.1,2.9,72.3,20.5,taxon_include,14.6,,,7.194,147.0.7727.101,Windows,20,32,1600,1200
nodes_00500,500,500,4,,group,dendrogram,5,7,2.9,64.3,20.8,taxon_include,11.3,,,7.194,147.0.7727.101,Windows,20,32,1600,1200
nodes_00500,500,500,9,,group,dendrogram,1,7.6,3.5,127.8,40.4,taxon_include,18.7,,,9.15,147.0.7727.101,Windows,20,32,1600,1200
nodes_00500,500,500,9,,group,dendrogram,2,8,3.7,132.8,39.5,taxon_include,20.1,,,9.149,147.0.7727.101,Windows,20,32,1600,1200
nodes_00500,500,500,9,,group,dendrogram,3,7,3.1,130.8,41,taxon_include,18,,,9.15,147.0.7727.101,Windows,20,32,1600,1200
nodes_00500,500,500,9,,group,dendrogram,4,7.1,3,126.1,40.4,taxon_include,19.2,,,9.149,147.0.7727.101,Windows,20,32,1600,1200
nodes_00500,500,500,9,,group,dendrogram,5,7.4,2.8,129.5,42.1,taxon_include,23.7,,,9.19,147.0.7727.101,Windows,20,32,1600,1200
nodes_00500,500,500,1,,comparison,dendrogram,1,7.1,2.8,142.4,8.6,significance_toggle,7.9,5.5,,6.399,147.0.7727.101,Windows,20,32,1600,1200
nodes_00500,500,500,1,,comparison,dendrogram,2,8.2,3.4,137.1,7.6,significance_toggle,8.1,5.4,,6.398,147.0.7727.101,Windows,20,32,1600,1200
nodes_00500,500,500,1,,comparison,dendrogram,3,6.9,2.8,135.5,7.6,significance_toggle,8.2,5.3,,6.375,147.0.7727.101,Windows,20,32,1600,1200
nodes_00500,500,500,1,,comparison,dendrogram,4,7.4,3.1,140.6,9.9,significance_toggle,8.1,9.6,,6.4,147.0.7727.101,Windows,20,32,1600,1200
nodes_00500,500,500,1,,comparison,dendrogram,5,7.3,3,139.1,10.5,significance_toggle,8.1,5.3,,6.375,147.0.7727.101,Windows,20,32,1600,1200
nodes_00500,500,500,4,1,matrix,dendrogram,1,8.7,3.2,237.4,134,significance_toggle,,7.1,126.5,6.089,147.0.7727.101,Windows,20,32,1600,1200
nodes_00500,500,500,4,1,matrix,dendrogram,2,8.7,3.5,246.8,134.8,significance_toggle,,7.9,133.4,6.092,147.0.7727.101,Windows,20,32,1600,1200
nodes_00500,500,500,4,1,matrix,dendrogram,3,7.2,3,234.8,134.5,significance_toggle,,7.1,124.2,6.09,147.0.7727.101,Windows,20,32,1600,1200
nodes_00500,500,500,4,1,matrix,dendrogram,4,8,3.1,240.7,137.2,significance_toggle,,8.8,127.6,6.091,147.0.7727.101,Windows,20,32,1600,1200
nodes_00500,500,500,4,1,matrix,dendrogram,5,7.3,3.1,235.2,137,significance_toggle,,6.7,125.5,6.09,147.0.7727.101,Windows,20,32,1600,1200
nodes_00500,500,500,9,3,matrix,dendrogram,1,6.9,2.9,1362.7,1237.4,significance_toggle,,10.9,1248.6,6.621,147.0.7727.101,Windows,20,32,1600,1200
nodes_00500,500,500,9,3,matrix,dendrogram,2,7.6,3.4,1348.4,1228.5,significance_toggle,,13.1,1230.9,6.621,147.0.7727.101,Windows,20,32,1600,1200
nodes_00500,500,500,9,3,matrix,dendrogram,3,9.4,4.6,1366.9,1246.9,significance_toggle,,11.7,1249.7,6.622,147.0.7727.101,Windows,20,32,1600,1200
nodes_00500,500,500,9,3,matrix,dendrogram,4,10.1,4,1338,1241.4,significance_toggle,,10.5,1220.8,6.621,147.0.7727.101,Windows,20,32,1600,1200
nodes_00500,500,500,9,3,matrix,dendrogram,5,8,3.1,1353.6,1244.9,significance_toggle,,11.8,1237.1,6.622,147.0.7727.101,Windows,20,32,1600,1200
nodes_02000,2000,2000,1,,single,radial,1,26.5,11.7,70.7,18.8,taxon_include,21,,,9.818,147.0.7727.101,Windows,20,32,1600,1200
nodes_02000,2000,2000,1,,single,radial,2,27.9,14.9,67.7,17,taxon_include,17.5,,,11.104,147.0.7727.101,Windows,20,32,1600,1200
nodes_02000,2000,2000,1,,single,radial,3,22.3,10.3,94.6,20,taxon_include,21.7,,,11.104,147.0.7727.101,Windows,20,32,1600,1200
nodes_02000,2000,2000,1,,single,radial,4,26.4,12.3,73.8,17.6,taxon_include,16.8,,,11.105,147.0.7727.101,Windows,20,32,1600,1200
nodes_02000,2000,2000,1,,single,radial,5,20.8,10.3,73.3,19.1,taxon_include,19.1,,,9.822,147.0.7727.101,Windows,20,32,1600,1200
nodes_02000,2000,2000,4,,single,radial,1,30.5,12.8,249.3,63.2,taxon_include,17.4,,,12.407,147.0.7727.101,Windows,20,32,1600,1200
nodes_02000,2000,2000,4,,single,radial,2,21,10.6,253.9,67.9,taxon_include,27.5,,,13.686,147.0.7727.101,Windows,20,32,1600,1200
nodes_02000,2000,2000,4,,single,radial,3,21.7,10.7,244,58.5,taxon_include,20.3,,,13.686,147.0.7727.101,Windows,20,32,1600,1200
nodes_02000,2000,2000,4,,single,radial,4,21.4,10.5,235,54.8,taxon_include,17.9,,,13.686,147.0.7727.101,Windows,20,32,1600,1200
nodes_02000,2000,2000,4,,single,radial,5,21.9,11.1,242.2,58.8,taxon_include,16.4,,,14.966,147.0.7727.101,Windows,20,32,1600,1200
nodes_02000,2000,2000,9,,single,radial,1,24,11.4,681.6,129.5,taxon_include,39.6,,,20.214,147.0.7727.101,Windows,20,32,1600,1200
nodes_02000,2000,2000,9,,single,radial,2,21.9,10.5,551.1,127.6,taxon_include,38.8,,,18.937,147.0.7727.101,Windows,20,32,1600,1200
nodes_02000,2000,2000,9,,single,radial,3,21,10.3,534.3,121.4,taxon_include,29.4,,,20.215,147.0.7727.101,Windows,20,32,1600,1200
nodes_02000,2000,2000,9,,single,radial,4,20.9,10.2,548.9,124.7,taxon_include,31.3,,,21.494,147.0.7727.101,Windows,20,32,1600,1200
nodes_02000,2000,2000,9,,single,radial,5,21.5,10.6,535.6,134.1,taxon_include,29.3,,,18.934,147.0.7727.101,Windows,20,32,1600,1200
nodes_02000,2000,2000,1,,group,radial,1,20.4,10,67,21.9,taxon_include,14.1,,,12.695,147.0.7727.101,Windows,20,32,1600,1200
nodes_02000,2000,2000,1,,group,radial,2,21.9,10.9,65.7,19.7,taxon_include,17.9,,,12.707,147.0.7727.101,Windows,20,32,1600,1200
nodes_02000,2000,2000,1,,group,radial,3,21.4,10.5,66.5,33.9,taxon_include,17.9,,,12.674,147.0.7727.101,Windows,20,32,1600,1200
nodes_02000,2000,2000,1,,group,radial,4,21.1,10,65,18.9,taxon_include,19,,,12.705,147.0.7727.101,Windows,20,32,1600,1200
nodes_02000,2000,2000,1,,group,radial,5,20.5,10.1,67.7,24.5,taxon_include,24.8,,,12.708,147.0.7727.101,Windows,20,32,1600,1200
nodes_02000,2000,2000,4,,group,radial,1,20.8,9.9,239.1,61.3,taxon_include,21.4,,,16.691,147.0.7727.101,Windows,20,32,1600,1200
nodes_02000,2000,2000,4,,group,radial,2,22.9,10.8,239.3,61.4,taxon_include,25.6,,,16.719,147.0.7727.101,Windows,20,32,1600,1200
nodes_02000,2000,2000,4,,group,radial,3,21.9,10.6,231.4,66.6,taxon_include,34.9,,,16.72,147.0.7727.101,Windows,20,32,1600,1200
nodes_02000,2000,2000,4,,group,radial,4,20.3,10,236.5,60.7,taxon_include,20.9,,,16.719,147.0.7727.101,Windows,20,32,1600,1200
nodes_02000,2000,2000,4,,group,radial,5,20.9,10.3,234.8,60.3,taxon_include,35.6,,,16.72,147.0.7727.101,Windows,20,32,1600,1200
nodes_02000,2000,2000,9,,group,radial,1,21,10,542,127.1,taxon_include,37.8,,,23.613,147.0.7727.101,Windows,20,32,1600,1200
nodes_02000,2000,2000,9,,group,radial,2,22.6,11.1,547.8,132,taxon_include,37.6,,,23.581,147.0.7727.101,Windows,20,32,1600,1200
nodes_02000,2000,2000,9,,group,radial,3,21.4,10.3,562.5,129.6,taxon_include,35.2,,,23.581,147.0.7727.101,Windows,20,32,1600,1200
nodes_02000,2000,2000,9,,group,radial,4,20.6,10.2,539.1,135.9,taxon_include,38,,,23.549,147.0.7727.101,Windows,20,32,1600,1200
nodes_02000,2000,2000,9,,group,radial,5,20.4,10,606.5,136.3,taxon_include,36.5,,,23.55,147.0.7727.101,Windows,20,32,1600,1200
nodes_02000,2000,2000,1,,comparison,radial,1,21.2,10.4,218.7,13.1,significance_toggle,10.7,16.9,,13.748,147.0.7727.101,Windows,20,32,1600,1200
nodes_02000,2000,2000,1,,comparison,radial,2,20.5,10,215.2,12.6,significance_toggle,10.7,15.1,,13.717,147.0.7727.101,Windows,20,32,1600,1200
nodes_02000,2000,2000,1,,comparison,radial,3,29.2,16.2,219.1,12.8,significance_toggle,9.6,17.6,,13.749,147.0.7727.101,Windows,20,32,1600,1200
nodes_02000,2000,2000,1,,comparison,radial,4,20.3,10,217.6,17.1,significance_toggle,12,18.4,,13.749,147.0.7727.101,Windows,20,32,1600,1200
nodes_02000,2000,2000,1,,comparison,radial,5,20.5,10.3,217.1,12.9,significance_toggle,20.2,15.4,,13.749,147.0.7727.101,Windows,20,32,1600,1200
nodes_02000,2000,2000,4,1,matrix,radial,1,24.1,11.7,291.2,140.4,significance_toggle,,15.8,172.2,12.713,147.0.7727.101,Windows,20,32,1600,1200
nodes_02000,2000,2000,4,1,matrix,radial,2,22,10.5,289,136.7,significance_toggle,,15,168.8,12.715,147.0.7727.101,Windows,20,32,1600,1200
nodes_02000,2000,2000,4,1,matrix,radial,3,20.9,10.1,315.6,138.3,significance_toggle,,14.1,196.8,12.682,147.0.7727.101,Windows,20,32,1600,1200
nodes_02000,2000,2000,4,1,matrix,radial,4,24.7,11.1,292.5,137.9,significance_toggle,,14,172.8,12.713,147.0.7727.101,Windows,20,32,1600,1200
nodes_02000,2000,2000,4,1,matrix,radial,5,20.4,9.9,287.9,144.5,significance_toggle,,15.4,168.1,12.712,147.0.7727.101,Windows,20,32,1600,1200
nodes_02000,2000,2000,9,3,matrix,radial,1,20.5,9.9,1395.5,1252.4,significance_toggle,,36.6,1252.8,14.906,147.0.7727.101,Windows,20,32,1600,1200
nodes_02000,2000,2000,9,3,matrix,radial,2,21.2,10.1,1415.9,1247.1,significance_toggle,,40.7,1268.7,14.995,147.0.7727.101,Windows,20,32,1600,1200
nodes_02000,2000,2000,9,3,matrix,radial,3,21.8,10.1,1404.4,1244.1,significance_toggle,,37.5,1261.3,14.907,147.0.7727.101,Windows,20,32,1600,1200
nodes_02000,2000,2000,9,3,matrix,radial,4,20.8,10.4,1399.5,1278,significance_toggle,,36.5,1259,14.996,147.0.7727.101,Windows,20,32,1600,1200
nodes_02000,2000,2000,9,3,matrix,radial,5,20.5,10.2,1407,1259.3,significance_toggle,,39.1,1261.4,14.939,147.0.7727.101,Windows,20,32,1600,1200
nodes_02000,2000,2000,1,,single,dendrogram,1,21.5,10.3,60.1,14.6,taxon_include,18.7,,,9.922,147.0.7727.101,Windows,20,32,1600,1200
nodes_02000,2000,2000,1,,single,dendrogram,2,21.6,9.9,58.2,14.4,taxon_include,16,,,9.952,147.0.7727.101,Windows,20,32,1600,1200
nodes_02000,2000,2000,1,,single,dendrogram,3,22,10.4,60.6,16,taxon_include,28.8,,,11.204,147.0.7727.101,Windows,20,32,1600,1200
nodes_02000,2000,2000,1,,single,dendrogram,4,26.8,13.4,56.6,14.8,taxon_include,16.4,,,9.921,147.0.7727.101,Windows,20,32,1600,1200
nodes_02000,2000,2000,1,,single,dendrogram,5,21.2,10.2,59.1,14.5,taxon_include,16.2,,,9.919,147.0.7727.101,Windows,20,32,1600,1200
nodes_02000,2000,2000,4,,single,dendrogram,1,20.8,10,192.3,44.4,taxon_include,18.2,,,15.331,147.0.7727.101,Windows,20,32,1600,1200
nodes_02000,2000,2000,4,,single,dendrogram,2,21.6,10.6,201.7,45.7,taxon_include,37.4,,,14.049,147.0.7727.101,Windows,20,32,1600,1200
nodes_02000,2000,2000,4,,single,dendrogram,3,22.5,10.9,202.7,49.8,taxon_include,16.4,,,16.61,147.0.7727.101,Windows,20,32,1600,1200
nodes_02000,2000,2000,4,,single,dendrogram,4,20.6,9.9,206.6,48.6,taxon_include,17.5,,,15.33,147.0.7727.101,Windows,20,32,1600,1200
nodes_02000,2000,2000,4,,single,dendrogram,5,21.2,10.3,201.3,45.5,taxon_include,17.7,,,15.329,147.0.7727.101,Windows,20,32,1600,1200
nodes_02000,2000,2000,9,,single,dendrogram,1,20.8,10.1,465.9,100.5,taxon_include,31.2,,,20.973,147.0.7727.101,Windows,20,32,1600,1200
nodes_02000,2000,2000,9,,single,dendrogram,2,21,10.1,523.8,99.7,taxon_include,29.4,,,21.004,147.0.7727.101,Windows,20,32,1600,1200
nodes_02000,2000,2000,9,,single,dendrogram,3,20.8,9.8,547.7,97.7,taxon_include,28.7,,,21.036,147.0.7727.101,Windows,20,32,1600,1200
nodes_02000,2000,2000,9,,single,dendrogram,4,21.5,10.3,438.2,98.2,taxon_include,30.1,,,21.004,147.0.7727.101,Windows,20,32,1600,1200
nodes_02000,2000,2000,9,,single,dendrogram,5,20.6,10.3,464.3,109.4,taxon_include,33.5,,,22.348,147.0.7727.101,Windows,20,32,1600,1200
nodes_02000,2000,2000,1,,group,dendrogram,1,22.7,10.7,56.8,17.2,taxon_include,16.3,,,12.839,147.0.7727.101,Windows,20,32,1600,1200
nodes_02000,2000,2000,1,,group,dendrogram,2,27,10.1,58.8,17.1,taxon_include,19.7,,,12.839,147.0.7727.101,Windows,20,32,1600,1200
nodes_02000,2000,2000,1,,group,dendrogram,3,22.1,10.5,57.8,16.4,taxon_include,16.2,,,12.839,147.0.7727.101,Windows,20,32,1600,1200
nodes_02000,2000,2000,1,,group,dendrogram,4,20.7,10.2,58.6,17,taxon_include,27.6,,,12.809,147.0.7727.101,Windows,20,32,1600,1200
nodes_02000,2000,2000,1,,group,dendrogram,5,21.5,10.5,57.4,16.3,taxon_include,16.6,,,12.84,147.0.7727.101,Windows,20,32,1600,1200
nodes_02000,2000,2000,4,,group,dendrogram,1,21.9,10.8,202.2,48.9,taxon_include,19.2,,,17.109,147.0.7727.101,Windows,20,32,1600,1200
nodes_02000,2000,2000,4,,group,dendrogram,2,20.5,10.1,231.2,49.5,taxon_include,21.1,,,17.049,147.0.7727.101,Windows,20,32,1600,1200
nodes_02000,2000,2000,4,,group,dendrogram,3,20.2,9.8,202,61.5,taxon_include,23,,,17.049,147.0.7727.101,Windows,20,32,1600,1200
nodes_02000,2000,2000,4,,group,dendrogram,4,22.6,10.3,206.9,50.3,taxon_include,20.1,,,17.08,147.0.7727.101,Windows,20,32,1600,1200
nodes_02000,2000,2000,4,,group,dendrogram,5,20.8,10,202.5,48.6,taxon_include,19.8,,,17.11,147.0.7727.101,Windows,20,32,1600,1200
nodes_02000,2000,2000,9,,group,dendrogram,1,20.3,9.9,448.3,104.6,taxon_include,36.8,,,24.424,147.0.7727.101,Windows,20,32,1600,1200
nodes_02000,2000,2000,9,,group,dendrogram,2,20.4,10,444.9,104.9,taxon_include,36.7,,,24.428,147.0.7727.101,Windows,20,32,1600,1200
nodes_02000,2000,2000,9,,group,dendrogram,3,21.5,10.1,444.8,106.5,taxon_include,44.5,,,24.303,147.0.7727.101,Windows,20,32,1600,1200
nodes_02000,2000,2000,9,,group,dendrogram,4,21.4,10.6,450.5,104.9,taxon_include,39,,,24.425,147.0.7727.101,Windows,20,32,1600,1200
nodes_02000,2000,2000,9,,group,dendrogram,5,20.6,10.1,448.1,104,taxon_include,35.7,,,24.302,147.0.7727.101,Windows,20,32,1600,1200
nodes_02000,2000,2000,1,,comparison,dendrogram,1,21.2,10.6,199,16.4,significance_toggle,9.4,13.7,,13.726,147.0.7727.101,Windows,20,32,1600,1200
nodes_02000,2000,2000,1,,comparison,dendrogram,2,20.9,10.1,199.2,18.3,significance_toggle,11.9,13.8,,13.758,147.0.7727.101,Windows,20,32,1600,1200
nodes_02000,2000,2000,1,,comparison,dendrogram,3,22.6,11.8,206.4,13.2,significance_toggle,10.2,18.4,,13.757,147.0.7727.101,Windows,20,32,1600,1200
nodes_02000,2000,2000,1,,comparison,dendrogram,4,20.9,10,202,13.6,significance_toggle,10,18.7,,13.753,147.0.7727.101,Windows,20,32,1600,1200
nodes_02000,2000,2000,1,,comparison,dendrogram,5,20.8,10.4,197,16.8,significance_toggle,19.3,13.5,,13.727,147.0.7727.101,Windows,20,32,1600,1200
nodes_02000,2000,2000,4,1,matrix,dendrogram,1,20.8,10.1,289.8,142.6,significance_toggle,,14.4,170.2,12.756,147.0.7727.101,Windows,20,32,1600,1200
nodes_02000,2000,2000,4,1,matrix,dendrogram,2,23.1,11.4,287.8,131.7,significance_toggle,,14.8,167.9,12.758,147.0.7727.101,Windows,20,32,1600,1200
nodes_02000,2000,2000,4,1,matrix,dendrogram,3,21,10.4,284.1,143.7,significance_toggle,,17.8,162.7,12.759,147.0.7727.101,Windows,20,32,1600,1200
nodes_02000,2000,2000,4,1,matrix,dendrogram,4,21.6,10.4,291.5,133.7,significance_toggle,,16.8,169.6,12.759,147.0.7727.101,Windows,20,32,1600,1200
nodes_02000,2000,2000,4,1,matrix,dendrogram,5,21,10,293.6,137.5,significance_toggle,,15.9,172.2,12.76,147.0.7727.101,Windows,20,32,1600,1200
nodes_02000,2000,2000,9,3,matrix,dendrogram,1,20.7,10,1406.9,1252.8,significance_toggle,,35.4,1265.8,14.816,147.0.7727.101,Windows,20,32,1600,1200
nodes_02000,2000,2000,9,3,matrix,dendrogram,2,20.6,10.2,1398.1,1238.6,significance_toggle,,35.5,1257.8,14.937,147.0.7727.101,Windows,20,32,1600,1200
nodes_02000,2000,2000,9,3,matrix,dendrogram,3,20.3,9.9,1414.7,1252.2,significance_toggle,,44,1264.7,14.847,147.0.7727.101,Windows,20,32,1600,1200
nodes_02000,2000,2000,9,3,matrix,dendrogram,4,21.1,10.4,1413.9,1250.7,significance_toggle,,33.9,1273.1,14.787,147.0.7727.101,Windows,20,32,1600,1200
nodes_02000,2000,2000,9,3,matrix,dendrogram,5,20.4,9.9,1403.9,1235.9,significance_toggle,,40.4,1259.3,14.846,147.0.7727.101,Windows,20,32,1600,1200
nodes_05000,5000,5000,1,,single,radial,1,47.9,26.3,183.3,37.3,taxon_include,15.2,,,19.177,147.0.7727.101,Windows,20,32,1600,1200
nodes_05000,5000,5000,1,,single,radial,2,47.5,26.4,170.7,36.8,taxon_include,18,,,19.179,147.0.7727.101,Windows,20,32,1600,1200
nodes_05000,5000,5000,1,,single,radial,3,47.5,26.5,176.8,35.2,taxon_include,16.9,,,16.013,147.0.7727.101,Windows,20,32,1600,1200
nodes_05000,5000,5000,1,,single,radial,4,48.2,26.3,167.7,36.1,taxon_include,16,,,16.016,147.0.7727.101,Windows,20,32,1600,1200
nodes_05000,5000,5000,1,,single,radial,5,46.7,25.7,161.5,35.4,taxon_include,18,,,16.014,147.0.7727.101,Windows,20,32,1600,1200
nodes_05000,5000,5000,4,,single,radial,1,47.3,26.1,619.1,120.9,taxon_include,46.1,,,25.557,147.0.7727.101,Windows,20,32,1600,1200
nodes_05000,5000,5000,4,,single,radial,2,48.3,25.8,638.5,118.5,taxon_include,31.9,,,28.725,147.0.7727.101,Windows,20,32,1600,1200
nodes_05000,5000,5000,4,,single,radial,3,45.9,25.6,630.8,127.6,taxon_include,35,,,28.723,147.0.7727.101,Windows,20,32,1600,1200
nodes_05000,5000,5000,4,,single,radial,4,47.6,25.7,648.4,123.1,taxon_include,38.2,,,28.725,147.0.7727.101,Windows,20,32,1600,1200
nodes_05000,5000,5000,4,,single,radial,5,48.8,26,623.8,119.3,taxon_include,34.1,,,28.724,147.0.7727.101,Windows,20,32,1600,1200
nodes_05000,5000,5000,9,,single,radial,1,48.1,26.3,1273.8,254.2,taxon_include,60.8,,,47.792,147.0.7727.101,Windows,20,32,1600,1200
nodes_05000,5000,5000,9,,single,radial,2,48.7,27.1,1325.2,247.5,taxon_include,70.2,,,41.519,147.0.7727.101,Windows,20,32,1600,1200
nodes_05000,5000,5000,9,,single,radial,3,57,32.3,1317.2,250.2,taxon_include,57,,,44.685,147.0.7727.101,Windows,20,32,1600,1200
nodes_05000,5000,5000,9,,single,radial,4,48.1,26.9,1307.5,258.3,taxon_include,61.6,,,41.517,147.0.7727.101,Windows,20,32,1600,1200
nodes_05000,5000,5000,9,,single,radial,5,52,28.4,1341.5,258.6,taxon_include,59.9,,,41.517,147.0.7727.101,Windows,20,32,1600,1200
nodes_05000,5000,5000,1,,group,radial,1,47.8,26.2,155.1,41.5,taxon_include,31.5,,,26.141,147.0.7727.101,Windows,20,32,1600,1200
nodes_05000,5000,5000,1,,group,radial,2,47.5,26.1,178.2,40,taxon_include,38.7,,,26.139,147.0.7727.101,Windows,20,32,1600,1200
nodes_05000,5000,5000,1,,group,radial,3,48.2,26.4,172.8,40.7,taxon_include,34.4,,,26.141,147.0.7727.101,Windows,20,32,1600,1200
nodes_05000,5000,5000,1,,group,radial,4,46,25.1,159.9,41.9,taxon_include,18.9,,,26.139,147.0.7727.101,Windows,20,32,1600,1200
nodes_05000,5000,5000,1,,group,radial,5,47,25.5,173.2,39.8,taxon_include,30.8,,,26.139,147.0.7727.101,Windows,20,32,1600,1200
nodes_05000,5000,5000,4,,group,radial,1,47,26.2,624.5,137.2,taxon_include,40.6,,,35.976,147.0.7727.101,Windows,20,32,1600,1200
nodes_05000,5000,5000,4,,group,radial,2,50.2,28.3,642.5,129.9,taxon_include,44.3,,,35.974,147.0.7727.101,Windows,20,32,1600,1200
nodes_05000,5000,5000,4,,group,radial,3,49.6,26.6,637.4,129.3,taxon_include,39.5,,,35.99,147.0.7727.101,Windows,20,32,1600,1200
nodes_05000,5000,5000,4,,group,radial,4,48.1,26.4,620,129.1,taxon_include,40.1,,,35.977,147.0.7727.101,Windows,20,32,1600,1200
nodes_05000,5000,5000,4,,group,radial,5,49.5,26.9,624.4,128.5,taxon_include,51.1,,,35.977,147.0.7727.101,Windows,20,32,1600,1200
nodes_05000,5000,5000,9,,group,radial,1,47.1,25.8,1295.9,267.5,taxon_include,102.9,,,52.634,147.0.7727.101,Windows,20,32,1600,1200
nodes_05000,5000,5000,9,,group,radial,2,47,26,1354.8,267.1,taxon_include,78.2,,,52.631,147.0.7727.101,Windows,20,32,1600,1200
nodes_05000,5000,5000,9,,group,radial,3,46.5,25.9,1347.6,266.2,taxon_include,87.6,,,52.636,147.0.7727.101,Windows,20,32,1600,1200
nodes_05000,5000,5000,9,,group,radial,4,47.3,25.7,1419.3,260.7,taxon_include,100,,,52.631,147.0.7727.101,Windows,20,32,1600,1200
nodes_05000,5000,5000,9,,group,radial,5,51.2,28.3,1372.7,270.2,taxon_include,89.3,,,52.631,147.0.7727.101,Windows,20,32,1600,1200
nodes_05000,5000,5000,1,,comparison,radial,1,47.4,26.3,379.7,32.9,significance_toggle,36.6,32.3,,28.582,147.0.7727.101,Windows,20,32,1600,1200
nodes_05000,5000,5000,1,,comparison,radial,2,46.7,25.4,381.8,26.5,significance_toggle,19.6,32.7,,28.585,147.0.7727.101,Windows,20,32,1600,1200
nodes_05000,5000,5000,1,,comparison,radial,3,46.7,25.7,388.9,25.2,significance_toggle,24.4,32.5,,28.584,147.0.7727.101,Windows,20,32,1600,1200
nodes_05000,5000,5000,1,,comparison,radial,4,59.9,29.9,385.7,32,significance_toggle,36.7,30.5,,28.587,147.0.7727.101,Windows,20,32,1600,1200
nodes_05000,5000,5000,1,,comparison,radial,5,48.6,26.1,388.1,33.9,significance_toggle,24.3,36.9,,28.585,147.0.7727.101,Windows,20,32,1600,1200
nodes_05000,5000,5000,4,1,matrix,radial,1,47.3,26,372.9,178.4,significance_toggle,,31.2,236.3,26.217,147.0.7727.101,Windows,20,32,1600,1200
nodes_05000,5000,5000,4,1,matrix,radial,2,47.2,25.6,382.1,193.8,significance_toggle,,39,237.5,26.23,147.0.7727.101,Windows,20,32,1600,1200
nodes_05000,5000,5000,4,1,matrix,radial,3,52.7,27.5,376.6,180.2,significance_toggle,,33.8,239,26.224,147.0.7727.101,Windows,20,32,1600,1200
nodes_05000,5000,5000,4,1,matrix,radial,4,51.5,27.1,373.8,177.4,significance_toggle,,32.2,235.3,26.223,147.0.7727.101,Windows,20,32,1600,1200
nodes_05000,5000,5000,4,1,matrix,radial,5,47.9,25.7,378,202.2,significance_toggle,,33,238,26.221,147.0.7727.101,Windows,20,32,1600,1200
nodes_05000,5000,5000,9,3,matrix,radial,1,48.8,27.5,1537.4,1282.2,significance_toggle,,86.5,1341.6,31.594,147.0.7727.101,Windows,20,32,1600,1200
nodes_05000,5000,5000,9,3,matrix,radial,2,52.7,28.6,1523.8,1274.1,significance_toggle,,95,1323,31.884,147.0.7727.101,Windows,20,32,1600,1200
nodes_05000,5000,5000,9,3,matrix,radial,3,52.9,28.4,1528.2,1285.8,significance_toggle,,87.8,1334.3,31.58,147.0.7727.101,Windows,20,32,1600,1200
nodes_05000,5000,5000,9,3,matrix,radial,4,47.6,25.3,1522.5,1282.6,significance_toggle,,78.1,1340,31.592,147.0.7727.101,Windows,20,32,1600,1200
nodes_05000,5000,5000,9,3,matrix,radial,5,56.2,30.6,1524,1275.6,significance_toggle,,84.6,1334.9,31.604,147.0.7727.101,Windows,20,32,1600,1200
nodes_05000,5000,5000,1,,single,dendrogram,1,47.2,25.9,153.7,29.7,taxon_include,21.7,,,16.303,147.0.7727.101,Windows,20,32,1600,1200
nodes_05000,5000,5000,1,,single,dendrogram,2,48.2,26.6,149.8,27.4,taxon_include,25.5,,,22.638,147.0.7727.101,Windows,20,32,1600,1200
nodes_05000,5000,5000,1,,single,dendrogram,3,47.2,25.2,128.9,28.1,taxon_include,18.4,,,16.3,147.0.7727.101,Windows,20,32,1600,1200
nodes_05000,5000,5000,1,,single,dendrogram,4,50.4,26,145.1,27.7,taxon_include,30.3,,,22.564,147.0.7727.101,Windows,20,32,1600,1200
nodes_05000,5000,5000,1,,single,dendrogram,5,46.4,25.4,132.7,27.9,taxon_include,44.2,,,16.301,147.0.7727.101,Windows,20,32,1600,1200
nodes_05000,5000,5000,4,,single,dendrogram,1,47.1,25.8,536.2,98.1,taxon_include,45.7,,,26.382,147.0.7727.101,Windows,20,32,1600,1200
nodes_05000,5000,5000,4,,single,dendrogram,2,49.3,26.6,496.1,91.8,taxon_include,50,,,32.715,147.0.7727.101,Windows,20,32,1600,1200
nodes_05000,5000,5000,4,,single,dendrogram,3,47.3,25.5,497.7,96.6,taxon_include,31.6,,,26.307,147.0.7727.101,Windows,20,32,1600,1200
nodes_05000,5000,5000,4,,single,dendrogram,4,46.8,25.6,513.5,102.6,taxon_include,40.3,,,29.552,147.0.7727.101,Windows,20,32,1600,1200
nodes_05000,5000,5000,4,,single,dendrogram,5,47.9,26.2,485.5,95.6,taxon_include,39.2,,,26.384,147.0.7727.101,Windows,20,32,1600,1200
nodes_05000,5000,5000,9,,single,dendrogram,1,46.3,25.5,1033,206.1,taxon_include,61.3,,,43.243,147.0.7727.101,Windows,20,32,1600,1200
nodes_05000,5000,5000,9,,single,dendrogram,2,47.2,25.8,1113.1,204.8,taxon_include,80.6,,,43.242,147.0.7727.101,Windows,20,32,1600,1200
nodes_05000,5000,5000,9,,single,dendrogram,3,47.2,25.7,1034.4,205.4,taxon_include,91,,,46.411,147.0.7727.101,Windows,20,32,1600,1200
nodes_05000,5000,5000,9,,single,dendrogram,4,47.9,26.4,1087.7,216.2,taxon_include,75.2,,,46.409,147.0.7727.101,Windows,20,32,1600,1200
nodes_05000,5000,5000,9,,single,dendrogram,5,46.6,25.2,1058.6,209.4,taxon_include,69,,,43.244,147.0.7727.101,Windows,20,32,1600,1200
nodes_05000,5000,5000,1,,group,dendrogram,1,53,28.3,155.9,35.1,taxon_include,53.4,,,26.357,147.0.7727.101,Windows,20,32,1600,1200
nodes_05000,5000,5000,1,,group,dendrogram,2,50,26.8,141,44,taxon_include,37.6,,,26.435,147.0.7727.101,Windows,20,32,1600,1200
nodes_05000,5000,5000,1,,group,dendrogram,3,47.5,26.9,128.9,31.7,taxon_include,30.9,,,26.434,147.0.7727.101,Windows,20,32,1600,1200
nodes_05000,5000,5000,1,,group,dendrogram,4,48.1,26.7,153,31.8,taxon_include,31.7,,,26.434,147.0.7727.101,Windows,20,32,1600,1200
nodes_05000,5000,5000,1,,group,dendrogram,5,56.9,31.8,143.1,32,taxon_include,21.8,,,26.359,147.0.7727.101,Windows,20,32,1600,1200
nodes_05000,5000,5000,4,,group,dendrogram,1,47,25.7,536.3,100.9,taxon_include,42,,,36.892,147.0.7727.101,Windows,20,32,1600,1200
nodes_05000,5000,5000,4,,group,dendrogram,2,46.5,25.3,549,99.7,taxon_include,46.9,,,36.89,147.0.7727.101,Windows,20,32,1600,1200
nodes_05000,5000,5000,4,,group,dendrogram,3,57.2,34.9,500.3,102.1,taxon_include,39,,,36.819,147.0.7727.101,Windows,20,32,1600,1200
nodes_05000,5000,5000,4,,group,dendrogram,4,47.6,26,514.2,104.2,taxon_include,37.6,,,36.816,147.0.7727.101,Windows,20,32,1600,1200
nodes_05000,5000,5000,4,,group,dendrogram,5,48.3,26.6,513.8,102.4,taxon_include,51.4,,,36.817,147.0.7727.101,Windows,20,32,1600,1200
nodes_05000,5000,5000,9,,group,dendrogram,1,48.3,25.5,1128.1,261.6,taxon_include,117.2,,,54.429,147.0.7727.101,Windows,20,32,1600,1200
nodes_05000,5000,5000,9,,group,dendrogram,2,49.5,27.2,1071.5,231.1,taxon_include,68.3,,,54.354,147.0.7727.101,Windows,20,32,1600,1200
nodes_05000,5000,5000,9,,group,dendrogram,3,47.9,25.6,1077.7,231,taxon_include,91.3,,,54.427,147.0.7727.101,Windows,20,32,1600,1200
nodes_05000,5000,5000,9,,group,dendrogram,4,48,26.3,1144.3,215.6,taxon_include,88.4,,,54.43,147.0.7727.101,Windows,20,32,1600,1200
nodes_05000,5000,5000,9,,group,dendrogram,5,49.8,25.9,1089.5,230,taxon_include,73.3,,,54.583,147.0.7727.101,Windows,20,32,1600,1200
nodes_05000,5000,5000,1,,comparison,dendrogram,1,47.6,25.9,388.9,30,significance_toggle,24,30.5,,28.822,147.0.7727.101,Windows,20,32,1600,1200
nodes_05000,5000,5000,1,,comparison,dendrogram,2,47.7,26.2,344.4,25.6,significance_toggle,32.2,34.6,,28.824,147.0.7727.101,Windows,20,32,1600,1200
nodes_05000,5000,5000,1,,comparison,dendrogram,3,46.2,25.2,337.9,26.1,significance_toggle,19.6,35.4,,28.824,147.0.7727.101,Windows,20,32,1600,1200
nodes_05000,5000,5000,1,,comparison,dendrogram,4,46.2,25.1,339.7,28.9,significance_toggle,24,30.6,,28.824,147.0.7727.101,Windows,20,32,1600,1200
nodes_05000,5000,5000,1,,comparison,dendrogram,5,46.7,25.5,327.9,29.3,significance_toggle,19.7,30,,28.825,147.0.7727.101,Windows,20,32,1600,1200
nodes_05000,5000,5000,4,1,matrix,dendrogram,1,49,25.8,369.3,176.5,significance_toggle,,34,229.7,26.175,147.0.7727.101,Windows,20,32,1600,1200
nodes_05000,5000,5000,4,1,matrix,dendrogram,2,48,26,363.8,176,significance_toggle,,32.5,227.2,26.184,147.0.7727.101,Windows,20,32,1600,1200
nodes_05000,5000,5000,4,1,matrix,dendrogram,3,46.9,25.6,366.3,176,significance_toggle,,33.2,227.8,26.174,147.0.7727.101,Windows,20,32,1600,1200
nodes_05000,5000,5000,4,1,matrix,dendrogram,4,45.8,25.3,368.1,177.3,significance_toggle,,29.3,233.1,26.175,147.0.7727.101,Windows,20,32,1600,1200
nodes_05000,5000,5000,4,1,matrix,dendrogram,5,56.9,29,369.6,174.6,significance_toggle,,31.1,234.3,26.173,147.0.7727.101,Windows,20,32,1600,1200
nodes_05000,5000,5000,9,3,matrix,dendrogram,1,49.2,26.3,1520.5,1284.7,significance_toggle,,80.9,1333.7,31.752,147.0.7727.101,Windows,20,32,1600,1200
nodes_05000,5000,5000,9,3,matrix,dendrogram,2,46.6,25.4,1521.1,1337.8,significance_toggle,,82.8,1331.8,31.731,147.0.7727.101,Windows,20,32,1600,1200
nodes_05000,5000,5000,9,3,matrix,dendrogram,3,46.2,25.5,1512.6,1278.5,significance_toggle,,77,1329.7,31.732,147.0.7727.101,Windows,20,32,1600,1200
nodes_05000,5000,5000,9,3,matrix,dendrogram,4,49.6,27.2,1536.5,1297.7,significance_toggle,,97.6,1333.5,31.739,147.0.7727.101,Windows,20,32,1600,1200
nodes_05000,5000,5000,9,3,matrix,dendrogram,5,52.1,29,1536.3,1307.1,significance_toggle,,89.4,1341.6,31.743,147.0.7727.101,Windows,20,32,1600,1200
nodes_10000,10000,10000,1,,single,radial,1,108.8,55.2,432.7,76.5,taxon_include,59.2,,,34.5,147.0.7727.101,Windows,20,32,1600,1200
nodes_10000,10000,10000,1,,single,radial,2,93.7,53.6,443.4,68,taxon_include,34.6,,,34.505,147.0.7727.101,Windows,20,32,1600,1200
nodes_10000,10000,10000,1,,single,radial,3,86,48.9,329.4,74.2,taxon_include,47.4,,,34.528,147.0.7727.101,Windows,20,32,1600,1200
nodes_10000,10000,10000,1,,single,radial,4,89.6,50.3,368.5,73.3,taxon_include,53.6,,,34.496,147.0.7727.101,Windows,20,32,1600,1200
nodes_10000,10000,10000,1,,single,radial,5,108.1,66.4,348.5,72.7,taxon_include,61.2,,,34.491,147.0.7727.101,Windows,20,32,1600,1200
nodes_10000,10000,10000,4,,single,radial,1,98.1,52.8,1306.5,294.3,taxon_include,108.3,,,66.106,147.0.7727.101,Windows,20,32,1600,1200
nodes_10000,10000,10000,4,,single,radial,2,94.7,49,1359.5,263.6,taxon_include,96.3,,,59.95,147.0.7727.101,Windows,20,32,1600,1200
nodes_10000,10000,10000,4,,single,radial,3,100.9,48.6,1255.7,218.1,taxon_include,59.6,,,53.478,147.0.7727.101,Windows,20,32,1600,1200
nodes_10000,10000,10000,4,,single,radial,4,86.7,49.4,1221,252.1,taxon_include,81.5,,,53.479,147.0.7727.101,Windows,20,32,1600,1200
nodes_10000,10000,10000,4,,single,radial,5,87.7,49.7,1183.2,216.5,taxon_include,76.3,,,59.797,147.0.7727.101,Windows,20,32,1600,1200
nodes_10000,10000,10000,9,,single,radial,1,91.6,53,2847.3,616.6,taxon_include,117.3,,,85.132,147.0.7727.101,Windows,20,32,1600,1200
nodes_10000,10000,10000,9,,single,radial,2,88.2,50.9,2530.1,492.6,taxon_include,113.7,,,85.306,147.0.7727.101,Windows,20,32,1600,1200
nodes_10000,10000,10000,9,,single,radial,3,99,58.4,2725.6,462,taxon_include,134.3,,,85.28,147.0.7727.101,Windows,20,32,1600,1200
nodes_10000,10000,10000,9,,single,radial,4,89.3,50.2,2746.8,479.3,taxon_include,104.5,,,85.135,147.0.7727.101,Windows,20,32,1600,1200
nodes_10000,10000,10000,9,,single,radial,5,87.1,49.2,2677.9,461.7,taxon_include,103.8,,,85.128,147.0.7727.101,Windows,20,32,1600,1200
nodes_10000,10000,10000,1,,group,radial,1,85.7,48.8,302.1,78.2,taxon_include,31.9,,,48.36,147.0.7727.101,Windows,20,32,1600,1200
nodes_10000,10000,10000,1,,group,radial,2,91.7,50.3,357.1,76.1,taxon_include,35.5,,,48.327,147.0.7727.101,Windows,20,32,1600,1200
nodes_10000,10000,10000,1,,group,radial,3,89.4,49.9,341.8,74,taxon_include,50.3,,,48.325,147.0.7727.101,Windows,20,32,1600,1200
nodes_10000,10000,10000,1,,group,radial,4,94.2,53.7,320.5,75,taxon_include,40.1,,,48.325,147.0.7727.101,Windows,20,32,1600,1200
nodes_10000,10000,10000,1,,group,radial,5,95,55.1,336.5,77,taxon_include,34.4,,,48.482,147.0.7727.101,Windows,20,32,1600,1200
nodes_10000,10000,10000,4,,group,radial,1,86.6,49.3,1223.2,261.9,taxon_include,69.6,,,67.919,147.0.7727.101,Windows,20,32,1600,1200
nodes_10000,10000,10000,4,,group,radial,2,86,48.1,1233.1,254.6,taxon_include,66.3,,,68.076,147.0.7727.101,Windows,20,32,1600,1200
nodes_10000,10000,10000,4,,group,radial,3,87.1,49.9,1222.2,286.4,taxon_include,67,,,67.916,147.0.7727.101,Windows,20,32,1600,1200
nodes_10000,10000,10000,4,,group,radial,4,88.9,50,1223.8,242.1,taxon_include,85.8,,,67.92,147.0.7727.101,Windows,20,32,1600,1200
nodes_10000,10000,10000,4,,group,radial,5,88.3,48.7,1261.1,241.8,taxon_include,93.3,,,67.92,147.0.7727.101,Windows,20,32,1600,1200
nodes_10000,10000,10000,9,,group,radial,1,86.4,49.3,2726.2,548.1,taxon_include,160,,,101.073,147.0.7727.101,Windows,20,32,1600,1200
nodes_10000,10000,10000,9,,group,radial,2,86.5,48.6,2728.6,499.7,taxon_include,161.5,,,100.905,147.0.7727.101,Windows,20,32,1600,1200
nodes_10000,10000,10000,9,,group,radial,3,89.1,49.5,2857.7,532.1,taxon_include,150,,,101.183,147.0.7727.101,Windows,20,32,1600,1200
nodes_10000,10000,10000,9,,group,radial,4,87.7,50.2,2795.4,555.9,taxon_include,180.7,,,100.92,147.0.7727.101,Windows,20,32,1600,1200
nodes_10000,10000,10000,9,,group,radial,5,91.9,50.8,2713,491.9,taxon_include,185.4,,,100.925,147.0.7727.101,Windows,20,32,1600,1200
nodes_10000,10000,10000,1,,comparison,radial,1,87,48.1,579.3,44.6,significance_toggle,50.7,52.6,,53.237,147.0.7727.101,Windows,20,32,1600,1200
nodes_10000,10000,10000,1,,comparison,radial,2,85.6,48.7,576.3,45.8,significance_toggle,38.5,50.7,,53.081,147.0.7727.101,Windows,20,32,1600,1200
nodes_10000,10000,10000,1,,comparison,radial,3,86.9,49.1,583.3,46.7,significance_toggle,44.2,55,,53.086,147.0.7727.101,Windows,20,32,1600,1200
nodes_10000,10000,10000,1,,comparison,radial,4,94.8,52,566.1,47.4,significance_toggle,60.3,50.5,,53.086,147.0.7727.101,Windows,20,32,1600,1200
nodes_10000,10000,10000,1,,comparison,radial,5,87.1,50.5,580,48.6,significance_toggle,42.1,50.9,,53.233,147.0.7727.101,Windows,20,32,1600,1200
nodes_10000,10000,10000,4,1,matrix,radial,1,91.4,50,568.5,246.8,significance_toggle,,53.7,348.7,48.351,147.0.7727.101,Windows,20,32,1600,1200
nodes_10000,10000,10000,4,1,matrix,radial,2,88.5,50.4,548.4,243.1,significance_toggle,,52.9,351.7,48.353,147.0.7727.101,Windows,20,32,1600,1200
nodes_10000,10000,10000,4,1,matrix,radial,3,86.2,49.8,511.1,247.1,significance_toggle,,56.1,345.8,48.35,147.0.7727.101,Windows,20,32,1600,1200
nodes_10000,10000,10000,4,1,matrix,radial,4,85.4,48.8,503.2,252.3,significance_toggle,,53.4,344.5,48.504,147.0.7727.101,Windows,20,32,1600,1200
nodes_10000,10000,10000,4,1,matrix,radial,5,88.2,50.8,513,244,significance_toggle,,50.5,348,48.504,147.0.7727.101,Windows,20,32,1600,1200
nodes_10000,10000,10000,9,3,matrix,radial,1,87.8,50.2,1703.2,1356.7,significance_toggle,,136,1439.2,58.898,147.0.7727.101,Windows,20,32,1600,1200
nodes_10000,10000,10000,9,3,matrix,radial,2,89.4,49.5,1707.3,1341,significance_toggle,,139.3,1452.8,58.895,147.0.7727.101,Windows,20,32,1600,1200
nodes_10000,10000,10000,9,3,matrix,radial,3,87.7,49.4,1680,1345.9,significance_toggle,,134.2,1429,58.896,147.0.7727.101,Windows,20,32,1600,1200
nodes_10000,10000,10000,9,3,matrix,radial,4,85,48.7,1722.2,1347.3,significance_toggle,,145.7,1471,59.048,147.0.7727.101,Windows,20,32,1600,1200
nodes_10000,10000,10000,9,3,matrix,radial,5,85.6,48.2,1687.4,1332.9,significance_toggle,,138.1,1445.5,59.058,147.0.7727.101,Windows,20,32,1600,1200
nodes_10000,10000,10000,1,,single,dendrogram,1,86.2,49.5,300.6,58.5,taxon_include,30.9,,,47.682,147.0.7727.101,Windows,20,32,1600,1200
nodes_10000,10000,10000,1,,single,dendrogram,2,105,52.8,272.9,51,taxon_include,53.2,,,41.243,147.0.7727.101,Windows,20,32,1600,1200
nodes_10000,10000,10000,1,,single,dendrogram,3,93.1,53.2,272.8,51,taxon_include,35.6,,,34.941,147.0.7727.101,Windows,20,32,1600,1200
nodes_10000,10000,10000,1,,single,dendrogram,4,87.9,50.9,278.3,55.1,taxon_include,34.6,,,41.223,147.0.7727.101,Windows,20,32,1600,1200
nodes_10000,10000,10000,1,,single,dendrogram,5,87.5,48,284.3,53.2,taxon_include,49.8,,,41.374,147.0.7727.101,Windows,20,32,1600,1200
nodes_10000,10000,10000,4,,single,dendrogram,1,102.6,52.4,977.1,196.6,taxon_include,77.8,,,55.123,147.0.7727.101,Windows,20,32,1600,1200
nodes_10000,10000,10000,4,,single,dendrogram,2,87.4,49.6,1024.8,191.9,taxon_include,104.5,,,61.583,147.0.7727.101,Windows,20,32,1600,1200
nodes_10000,10000,10000,4,,single,dendrogram,3,89.7,51.8,1021.3,275.3,taxon_include,88.2,,,55.281,147.0.7727.101,Windows,20,32,1600,1200
nodes_10000,10000,10000,4,,single,dendrogram,4,87.8,49.3,1014.2,232.2,taxon_include,149.3,,,54.976,147.0.7727.101,Windows,20,32,1600,1200
nodes_10000,10000,10000,4,,single,dendrogram,5,97.2,53.7,1019.8,270.8,taxon_include,68.3,,,61.434,147.0.7727.101,Windows,20,32,1600,1200
nodes_10000,10000,10000,9,,single,dendrogram,1,102.2,57.3,2211.1,518.1,taxon_include,121.7,,,88.476,147.0.7727.101,Windows,20,32,1600,1200
nodes_10000,10000,10000,9,,single,dendrogram,2,91.6,52.8,2359,536,taxon_include,134.5,,,88.761,147.0.7727.101,Windows,20,32,1600,1200
nodes_10000,10000,10000,9,,single,dendrogram,3,89,50.2,2499.7,684.4,taxon_include,137,,,88.464,147.0.7727.101,Windows,20,32,1600,1200
nodes_10000,10000,10000,9,,single,dendrogram,4,96.1,51.2,2289.5,484.4,taxon_include,133.8,,,88.61,147.0.7727.101,Windows,20,32,1600,1200
nodes_10000,10000,10000,9,,single,dendrogram,5,88.3,49,2892,677.2,taxon_include,153.7,,,88.465,147.0.7727.101,Windows,20,32,1600,1200
nodes_10000,10000,10000,1,,group,dendrogram,1,93.4,53.4,281.9,57.5,taxon_include,38.7,,,48.894,147.0.7727.101,Windows,20,32,1600,1200
nodes_10000,10000,10000,1,,group,dendrogram,2,88.1,50.1,283.1,57.5,taxon_include,41.2,,,48.894,147.0.7727.101,Windows,20,32,1600,1200
nodes_10000,10000,10000,1,,group,dendrogram,3,95.4,53.9,299.9,57.5,taxon_include,49.1,,,48.896,147.0.7727.101,Windows,20,32,1600,1200
nodes_10000,10000,10000,1,,group,dendrogram,4,85.9,48.4,330.8,65.5,taxon_include,39.4,,,49.047,147.0.7727.101,Windows,20,32,1600,1200
nodes_10000,10000,10000,1,,group,dendrogram,5,89.1,52.1,326.3,59.9,taxon_include,49.8,,,48.901,147.0.7727.101,Windows,20,32,1600,1200
nodes_10000,10000,10000,4,,group,dendrogram,1,86.7,49.3,1025,222.8,taxon_include,70.9,,,69.705,147.0.7727.101,Windows,20,32,1600,1200
nodes_10000,10000,10000,4,,group,dendrogram,2,92.8,53.1,995,205.9,taxon_include,69.7,,,69.704,147.0.7727.101,Windows,20,32,1600,1200
nodes_10000,10000,10000,4,,group,dendrogram,3,88.2,49.4,1025.4,226.3,taxon_include,72.8,,,69.557,147.0.7727.101,Windows,20,32,1600,1200
nodes_10000,10000,10000,4,,group,dendrogram,4,88,48.8,1033.7,291.8,taxon_include,79.6,,,69.708,147.0.7727.101,Windows,20,32,1600,1200
nodes_10000,10000,10000,4,,group,dendrogram,5,85,48.4,1022.9,227.7,taxon_include,150.4,,,69.705,147.0.7727.101,Windows,20,32,1600,1200
nodes_10000,10000,10000,9,,group,dendrogram,1,91.5,49.6,2518.4,547.8,taxon_include,153.7,,,104.229,147.0.7727.101,Windows,20,32,1600,1200
nodes_10000,10000,10000,9,,group,dendrogram,2,97.2,52.9,2236.9,430.8,taxon_include,159.9,,,104.37,147.0.7727.101,Windows,20,32,1600,1200
nodes_10000,10000,10000,9,,group,dendrogram,3,85.7,48.7,2148,413.1,taxon_include,149.8,,,104.677,147.0.7727.101,Windows,20,32,1600,1200
nodes_10000,10000,10000,9,,group,dendrogram,4,86,48.5,2198.5,415,taxon_include,131.1,,,104.371,147.0.7727.101,Windows,20,32,1600,1200
nodes_10000,10000,10000,9,,group,dendrogram,5,89.9,50.8,2141.2,430.2,taxon_include,146.8,,,104.37,147.0.7727.101,Windows,20,32,1600,1200
nodes_10000,10000,10000,1,,comparison,dendrogram,1,86.5,49.2,515.7,49.2,significance_toggle,39.5,59.6,,53.557,147.0.7727.101,Windows,20,32,1600,1200
nodes_10000,10000,10000,1,,comparison,dendrogram,2,84.9,48.6,504.2,52.7,significance_toggle,42.5,50.3,,53.405,147.0.7727.101,Windows,20,32,1600,1200
nodes_10000,10000,10000,1,,comparison,dendrogram,3,96.7,51.7,490.7,47.4,significance_toggle,66.7,53,,53.408,147.0.7727.101,Windows,20,32,1600,1200
nodes_10000,10000,10000,1,,comparison,dendrogram,4,85.9,49,489.8,45,significance_toggle,56.5,51.8,,53.408,147.0.7727.101,Windows,20,32,1600,1200
nodes_10000,10000,10000,1,,comparison,dendrogram,5,88.6,49.1,498.5,52.7,significance_toggle,44.4,50.8,,53.556,147.0.7727.101,Windows,20,32,1600,1200
nodes_10000,10000,10000,4,1,matrix,dendrogram,1,90,49.6,515.8,274.4,significance_toggle,,53.3,349.7,48.102,147.0.7727.101,Windows,20,32,1600,1200
nodes_10000,10000,10000,4,1,matrix,dendrogram,2,97.7,52.1,513.1,259.2,significance_toggle,,51.6,345.9,48.103,147.0.7727.101,Windows,20,32,1600,1200
nodes_10000,10000,10000,4,1,matrix,dendrogram,3,87.5,48.8,540.3,274.3,significance_toggle,,69.7,345.9,48.09,147.0.7727.101,Windows,20,32,1600,1200
nodes_10000,10000,10000,4,1,matrix,dendrogram,4,89,49.8,499.4,249.8,significance_toggle,,49.8,342.7,48.257,147.0.7727.101,Windows,20,32,1600,1200
nodes_10000,10000,10000,4,1,matrix,dendrogram,5,92.2,50.5,541.4,237.5,significance_toggle,,53.5,351.7,48.101,147.0.7727.101,Windows,20,32,1600,1200
nodes_10000,10000,10000,9,3,matrix,dendrogram,1,86.6,49.5,1694.5,1351,significance_toggle,,140.8,1437.1,58.715,147.0.7727.101,Windows,20,32,1600,1200
nodes_10000,10000,10000,9,3,matrix,dendrogram,2,86,47.9,1689.6,1353.7,significance_toggle,,137.9,1442.9,58.722,147.0.7727.101,Windows,20,32,1600,1200
nodes_10000,10000,10000,9,3,matrix,dendrogram,3,86.5,49.6,1709.8,1340.6,significance_toggle,,139.2,1450.3,58.875,147.0.7727.101,Windows,20,32,1600,1200
nodes_10000,10000,10000,9,3,matrix,dendrogram,4,87.4,49.3,1704.9,1354,significance_toggle,,138,1463.2,58.723,147.0.7727.101,Windows,20,32,1600,1200
nodes_10000,10000,10000,9,3,matrix,dendrogram,5,88.7,49.6,1730.5,1341,significance_toggle,,138.5,1477.7,58.723,147.0.7727.101,Windows,20,32,1600,1200
